<?xml version="1.0" encoding="UTF-8"?>
<!DOCTYPE sqlMap PUBLIC "-//iBATIS.com//DTD SQL Map 2.0//EN" "http://www.ibatis.com/dtd/sql-map-2.dtd">

<sqlMap namespace="DeptSpace">

	<typeAlias  alias="egovMap" type="egovframework.rte.psl.dataaccess.util.EgovMap"/>
	<typeAlias  alias="deptVO" type="egovframework.example.sample.service.DeptVO"/>
	
	<insert id="deptDAO.InsertDept">
	insert into dept(deptno,dname,loc) values(#deptno#,#dname#,#loc#)
	</insert>
	
	<select id="deptDAO.SelectDeptList" resultClass="egovMap">
      select deptno,dname,loc from dept
	</select>
	
	<select id="deptDAO.selectDeptDetail" resultClass="deptVO" >
       select deptno,dname,loc from dept where deptno=#deptno#
	</select>
	
	<delete id="deptDAO.deleteDept" >
	delete from dept where deptno=#deptno#
	
	</delete>
	
	<update id="deptDAO.updateDept">
	update dept set dname=#dname#,loc=#loc# where deptno=#deptno#
	</update>
	
	</sqlMap>
	
	
	
	
	